suite,case,batch,repetitions,control_ms,before_ms,after_ms
target-normalization,mean_rolling_width_1000,1,64,,0.703124999999999,0.734374999999999
target-normalization,mean_rolling_width_1000,2,64,,0.718750000000001,0.687499999999997
target-normalization,mean_rolling_width_1000,3,64,,0.703124999999999,0.703125000000002
target-normalization,mean_rolling_width_1000,4,64,,0.734374999999999,0.718750000000001
target-normalization,mean_rolling_width_1000,5,64,,0.718750000000001,0.703124999999999
target-normalization,mean_rolling_width_1000,6,64,,0.687500000000001,0.734374999999999
target-normalization,mean_rolling_width_1000,7,64,,0.718750000000001,0.718750000000001
target-normalization,sum_weighted_1000_normalize_FALSE,1,4096,,0.00952148437499998,0.00976562500000001
target-normalization,sum_weighted_1000_normalize_FALSE,2,4096,,0.0102539062500001,0.00952148437499993
target-normalization,sum_weighted_1000_normalize_FALSE,3,4096,,0.00952148437500003,0.00952148437500003
target-normalization,sum_weighted_1000_normalize_FALSE,4,4096,,0.00952148437499993,0.00927734374999995
target-normalization,sum_weighted_1000_normalize_FALSE,5,4096,,0.00927734375000006,0.011962890625
target-normalization,sum_weighted_1000_normalize_FALSE,6,4096,,0.00903320312499998,0.00952148437500003
target-normalization,sum_weighted_1000_normalize_FALSE,7,4096,,0.00927734374999995,0.00927734374999995
target-normalization,sum_weighted_1000_normalize_TRUE,1,4096,,0.011962890625,0.0122070312500001
target-normalization,sum_weighted_1000_normalize_TRUE,2,4096,,0.01220703125,0.01171875
target-normalization,sum_weighted_1000_normalize_TRUE,3,4096,,0.011962890625,0.01171875
target-normalization,sum_weighted_1000_normalize_TRUE,4,4096,,0.011962890625,0.011962890625
target-normalization,sum_weighted_1000_normalize_TRUE,5,4096,,0.011962890625,0.01171875
target-normalization,sum_weighted_1000_normalize_TRUE,6,4096,,0.01171875,0.0119628906250001
target-normalization,sum_weighted_1000_normalize_TRUE,7,4096,,0.011962890625,0.011962890625
target-normalization,mean_weighted_1000_normalize_FALSE,1,4096,,0.00927734375000006,0.00903320312499998
target-normalization,mean_weighted_1000_normalize_FALSE,2,4096,,0.00927734375000006,0.00903320312500009
target-normalization,mean_weighted_1000_normalize_FALSE,3,4096,,0.01171875,0.00903320312499998
target-normalization,mean_weighted_1000_normalize_FALSE,4,4096,,0.0090332031250002,0.00927734375000006
target-normalization,mean_weighted_1000_normalize_FALSE,5,4096,,0.00952148437500014,0.00952148437499993
target-normalization,mean_weighted_1000_normalize_FALSE,6,4096,,0.00927734375000006,0.00952148437500014
target-normalization,mean_weighted_1000_normalize_FALSE,7,4096,,0.00952148437499993,0.00927734375000006
target-normalization,mean_weighted_1000_normalize_TRUE,1,4096,,0.0119628906250001,0.0119628906249999
target-normalization,mean_weighted_1000_normalize_TRUE,2,4096,,0.01220703125,0.0119628906250001
target-normalization,mean_weighted_1000_normalize_TRUE,3,4096,,0.0119628906250001,0.0119628906250001
target-normalization,mean_weighted_1000_normalize_TRUE,4,4096,,0.0119628906250001,0.01220703125
target-normalization,mean_weighted_1000_normalize_TRUE,5,4096,,0.0119628906249999,0.0119628906249999
target-normalization,mean_weighted_1000_normalize_TRUE,6,4096,,0.0119628906250001,0.0119628906250001
target-normalization,mean_weighted_1000_normalize_TRUE,7,4096,,0.01220703125,0.012451171875
target-normalization,var_weighted_1000_normalize_FALSE,1,4096,,0.013671875,0.01171875
target-normalization,var_weighted_1000_normalize_FALSE,2,4096,,0.0114746093750001,0.01171875
target-normalization,var_weighted_1000_normalize_FALSE,3,4096,,0.0112304687500001,0.01171875
target-normalization,var_weighted_1000_normalize_FALSE,4,4096,,0.0119628906250001,0.0114746093750001
target-normalization,var_weighted_1000_normalize_FALSE,5,4096,,0.0114746093750001,0.01171875
target-normalization,var_weighted_1000_normalize_FALSE,6,4096,,0.0112304687500001,0.0119628906250001
target-normalization,var_weighted_1000_normalize_FALSE,7,4096,,0.0114746093749999,0.0119628906250001
target-normalization,var_weighted_1000_normalize_TRUE,1,4096,,0.01416015625,0.013671875
target-normalization,var_weighted_1000_normalize_TRUE,2,4096,,0.0139160156250001,0.0139160156249999
target-normalization,var_weighted_1000_normalize_TRUE,3,4096,,0.013671875,0.013671875
target-normalization,var_weighted_1000_normalize_TRUE,4,4096,,0.01416015625,0.0139160156250001
target-normalization,var_weighted_1000_normalize_TRUE,5,4096,,0.01416015625,0.01416015625
target-normalization,var_weighted_1000_normalize_TRUE,6,4096,,0.01416015625,0.014404296875
target-normalization,var_weighted_1000_normalize_TRUE,7,4096,,0.01416015625,0.0173339843749999
target-normalization,sum_weighted_1000000_normalize_FALSE,1,64,,0.531249999999983,0.531250000000011
target-normalization,sum_weighted_1000000_normalize_FALSE,2,64,,0.531250000000011,0.531250000000011
target-normalization,sum_weighted_1000000_normalize_FALSE,3,64,,0.515624999999992,0.515624999999992
target-normalization,sum_weighted_1000000_normalize_FALSE,4,64,,0.515624999999992,0.546875000000002
target-normalization,sum_weighted_1000000_normalize_FALSE,5,64,,0.531249999999983,0.531250000000011
target-normalization,sum_weighted_1000000_normalize_FALSE,6,64,,0.531250000000011,0.546875000000002
target-normalization,sum_weighted_1000000_normalize_FALSE,7,64,,0.531250000000011,0.515624999999992
target-normalization,sum_weighted_1000000_normalize_TRUE,1,16,,3.12500000000004,3.12499999999993
target-normalization,sum_weighted_1000000_normalize_TRUE,2,16,,3.06249999999997,3.12500000000004
target-normalization,sum_weighted_1000000_normalize_TRUE,3,16,,3.12500000000004,3.12499999999993
target-normalization,sum_weighted_1000000_normalize_TRUE,4,16,,3,3
target-normalization,sum_weighted_1000000_normalize_TRUE,5,16,,3,3.06250000000008
target-normalization,sum_weighted_1000000_normalize_TRUE,6,16,,3.06250000000008,3
target-normalization,sum_weighted_1000000_normalize_TRUE,7,16,,3.06250000000008,3
target-normalization,mean_weighted_1000000_normalize_FALSE,1,64,,0.515624999999992,0.515624999999992
target-normalization,mean_weighted_1000000_normalize_FALSE,2,64,,0.515624999999992,0.5
target-normalization,mean_weighted_1000000_normalize_FALSE,3,64,,0.515624999999992,0.51562500000002
target-normalization,mean_weighted_1000000_normalize_FALSE,4,64,,0.546875000000002,0.515624999999992
target-normalization,mean_weighted_1000000_normalize_FALSE,5,64,,0.578125000000013,0.562499999999994
target-normalization,mean_weighted_1000000_normalize_FALSE,6,64,,0.562499999999994,0.656250000000025
target-normalization,mean_weighted_1000000_normalize_FALSE,7,64,,0.531249999999983,0.546875000000002
target-normalization,mean_weighted_1000000_normalize_TRUE,1,16,,3.31250000000005,3.31250000000005
target-normalization,mean_weighted_1000000_normalize_TRUE,2,16,,3.31250000000005,3.37500000000002
target-normalization,mean_weighted_1000000_normalize_TRUE,3,16,,3.18750000000001,3.06249999999997
target-normalization,mean_weighted_1000000_normalize_TRUE,4,16,,3.31250000000005,3.24999999999998
target-normalization,mean_weighted_1000000_normalize_TRUE,5,16,,3.31250000000005,3.37500000000002
target-normalization,mean_weighted_1000000_normalize_TRUE,6,16,,3.18750000000001,3.24999999999998
target-normalization,mean_weighted_1000000_normalize_TRUE,7,16,,3.24999999999998,3.12499999999993
target-normalization,var_weighted_1000000_normalize_FALSE,1,16,,2.68750000000006,2.68750000000006
target-normalization,var_weighted_1000000_normalize_FALSE,2,16,,2.50000000000006,2.56250000000002
target-normalization,var_weighted_1000000_normalize_FALSE,3,16,,2.49999999999995,2.49999999999995
target-normalization,var_weighted_1000000_normalize_FALSE,4,16,,2.56250000000002,2.56249999999991
target-normalization,var_weighted_1000000_normalize_FALSE,5,16,,2.62499999999999,2.56250000000002
target-normalization,var_weighted_1000000_normalize_FALSE,6,16,,2.49999999999995,2.56250000000002
target-normalization,var_weighted_1000000_normalize_FALSE,7,16,,2.49999999999995,2.50000000000006
target-normalization,var_weighted_1000000_normalize_TRUE,1,8,,5.12500000000005,5.12500000000005
target-normalization,var_weighted_1000000_normalize_TRUE,2,8,,5.24999999999998,5.50000000000006
target-normalization,var_weighted_1000000_normalize_TRUE,3,8,,5.24999999999998,5.24999999999998
target-normalization,var_weighted_1000000_normalize_TRUE,4,8,,5.00000000000012,5.12500000000005
target-normalization,var_weighted_1000000_normalize_TRUE,5,8,,5.12500000000005,4.99999999999989
target-normalization,var_weighted_1000000_normalize_TRUE,6,8,,5.12500000000005,4.99999999999989
target-normalization,var_weighted_1000000_normalize_TRUE,7,8,,5.12500000000005,4.99999999999989
target-means,mean_weighted_5,1,64,0.843749999999999,0.828125000000001,0.828124999999999
target-means,mean_weighted_5,2,64,0.843750000000001,0.828124999999999,0.843750000000001
target-means,mean_weighted_5,3,64,0.828124999999999,0.843750000000001,0.843750000000001
target-means,mean_weighted_5,4,64,0.828124999999999,0.859375000000002,0.843749999999997
target-means,mean_weighted_5,5,64,0.828124999999999,0.843750000000001,0.874999999999997
target-means,mean_weighted_5,6,64,0.828124999999999,0.843749999999997,0.843749999999997
target-means,mean_weighted_20,1,32,1.56249999999999,1.56249999999999,1.56249999999999
target-means,mean_weighted_20,2,32,1.5,1.53125,1.53125
target-means,mean_weighted_20,3,32,1.53125,1.53125,1.53125
target-means,mean_weighted_20,4,32,1.53125,1.59375,1.53125000000001
target-means,mean_weighted_20,5,32,1.625,1.53125,1.5
target-means,mean_weighted_20,6,32,1.56250000000001,1.53125,1.53125
target-means,mean_weighted_50,1,16,3.18750000000001,3.37500000000002,3.24999999999998
target-means,mean_weighted_50,2,16,3.25000000000003,3.18750000000001,3.12499999999999
target-means,mean_weighted_50,3,16,3.25000000000003,3.18749999999995,3.3125
target-means,mean_weighted_50,4,16,3.3125,3.18750000000001,3.18750000000001
target-means,mean_weighted_50,5,16,3.18749999999995,3.18750000000001,3.18750000000001
target-means,mean_weighted_50,6,16,3.12499999999999,3.18750000000001,3.12499999999999
target-means,mean_weighted_99,1,8,6.12500000000005,6,6.12500000000005
target-means,mean_weighted_99,2,8,6,6,6.12500000000005
target-means,mean_weighted_99,3,8,6.12499999999994,6,6
target-means,mean_weighted_99,4,8,6.12499999999994,6.24999999999998,6.24999999999998
target-means,mean_weighted_99,5,8,6,6.12500000000005,6.12500000000005
target-means,mean_weighted_99,6,8,6.12500000000005,6.12499999999994,6
target-means,mean_raw_weighted_20,1,32,1.59375,1.56249999999999,1.56249999999999
target-means,mean_raw_weighted_20,2,32,1.56249999999999,1.59375,1.56249999999999
target-means,mean_raw_weighted_20,3,32,1.56249999999999,1.56249999999999,1.59375
target-means,mean_raw_weighted_20,4,32,1.62499999999999,1.56249999999999,1.56250000000002
target-means,mean_raw_weighted_20,5,32,1.59375,1.56249999999999,1.59375
target-means,mean_raw_weighted_20,6,32,1.59375,1.53124999999998,1.59374999999998
target-means,mean_unweighted_20,1,32,1.53124999999998,1.43750000000001,1.40625
target-means,mean_unweighted_20,2,32,1.43749999999998,1.37500000000002,1.40625
target-means,mean_unweighted_20,3,32,1.40625,1.40625,1.43749999999998
target-means,mean_unweighted_20,4,32,1.40625,1.53124999999998,1.40625
target-means,mean_unweighted_20,5,32,1.43750000000004,1.40625,1.46875000000002
target-means,mean_unweighted_20,6,32,1.40625,1.40625,1.43750000000004
target-means,mean_raw_weighted_99,1,8,6.24999999999987,6.12500000000016,6.25000000000009
target-means,mean_raw_weighted_99,2,8,6.12499999999994,6.37500000000002,6.12499999999994
target-means,mean_raw_weighted_99,3,8,6.49999999999995,6.3749999999998,6.12500000000016
target-means,mean_raw_weighted_99,4,8,6.12499999999994,6.24999999999987,6.12499999999994
target-means,mean_raw_weighted_99,5,8,6.25000000000009,6.12499999999994,6.24999999999987
target-means,mean_raw_weighted_99,6,8,6.37500000000002,6.24999999999987,6.37500000000002
target-means,mean_unweighted_99,1,8,5.12500000000005,5.12500000000005,5.12500000000005
target-means,mean_unweighted_99,2,8,5.24999999999998,5.24999999999998,5.24999999999998
target-means,mean_unweighted_99,3,8,5.37499999999991,5.37500000000013,5.24999999999998
target-means,mean_unweighted_99,4,8,5.24999999999998,5.24999999999998,5.24999999999998
target-means,mean_unweighted_99,5,8,5.24999999999998,5.37499999999991,5.24999999999998
target-means,mean_unweighted_99,6,8,5.37499999999991,5.24999999999998,5.24999999999998
target-means,mean_10million_weighted_20,1,2,16,15.0000000000006,16
target-means,mean_10million_weighted_20,2,2,15.4999999999994,15.5000000000003,15.4999999999994
target-means,mean_10million_weighted_20,3,2,15.4999999999994,15.0000000000006,15.4999999999994
target-means,mean_10million_weighted_20,4,2,15.0000000000006,14.9999999999997,15.0000000000006
target-means,mean_10million_weighted_20,5,2,15.5000000000003,15.5000000000003,15.5000000000003
target-means,mean_10million_weighted_20,6,2,15.5000000000003,15.5000000000003,15.0000000000006
target-means,mean_10million_weighted_99,1,1,63.0000000000006,62.9999999999988,61.9999999999994
target-means,mean_10million_weighted_99,2,1,61.9999999999994,62.0000000000012,65.0000000000013
target-means,mean_10million_weighted_99,3,1,62.9999999999988,61.9999999999994,63.0000000000006
target-means,mean_10million_weighted_99,4,1,61.9999999999994,60.9999999999999,61.9999999999994
target-means,mean_10million_weighted_99,5,1,64.0000000000001,63.0000000000006,62.9999999999988
target-means,mean_10million_weighted_99,6,1,61.9999999999994,62.0000000000012,61.9999999999994
target-means,mean_missing_20_remove_FALSE,1,8,3.74999999999992,3.75000000000014,3.49999999999984
target-means,mean_missing_20_remove_FALSE,2,8,3.62499999999999,3.50000000000006,3.37500000000013
target-means,mean_missing_20_remove_FALSE,3,8,3.87500000000007,3.87499999999985,3.62499999999999
target-means,mean_missing_20_remove_FALSE,4,8,3.37500000000013,3.37499999999991,3.50000000000006
target-means,mean_missing_20_remove_FALSE,5,8,3.50000000000006,3.50000000000006,3.49999999999984
target-means,mean_missing_20_remove_FALSE,6,8,3.50000000000006,3.62499999999999,3.62499999999999
target-means,mean_missing_20_remove_TRUE,1,8,5.24999999999998,5.00000000000012,5.12499999999982
target-means,mean_missing_20_remove_TRUE,2,8,4.99999999999989,5.12500000000005,4.99999999999989
target-means,mean_missing_20_remove_TRUE,3,8,4.99999999999989,4.99999999999989,5.1249999999996
target-means,mean_missing_20_remove_TRUE,4,8,4.99999999999989,4.99999999999989,4.99999999999989
target-means,mean_missing_20_remove_TRUE,5,8,5.12500000000005,5.12500000000005,5.12500000000005
target-means,mean_missing_20_remove_TRUE,6,8,5.12500000000005,5.12500000000005,4.99999999999989
target-means,mean_missing_99_remove_FALSE,1,2,28.5000000000011,29.5000000000005,27.4999999999999
target-means,mean_missing_99_remove_FALSE,2,2,28.4999999999993,28.5000000000011,27.000000000001
target-means,mean_missing_99_remove_FALSE,3,2,30.0000000000011,29.5000000000005,27.4999999999999
target-means,mean_missing_99_remove_FALSE,4,2,30.0000000000011,30.5,26.9999999999992
target-means,mean_missing_99_remove_FALSE,5,2,31.0000000000006,29.4999999999987,26.9999999999992
target-means,mean_missing_99_remove_FALSE,6,2,29.4999999999987,29.5000000000005,30.5
target-means,mean_missing_99_remove_TRUE,1,2,22.9999999999997,22.9999999999997,22.0000000000002
target-means,mean_missing_99_remove_TRUE,2,2,22.0000000000002,22.5000000000009,22.0000000000002
target-means,mean_missing_99_remove_TRUE,3,2,22.4999999999991,22.0000000000002,22.0000000000002
target-means,mean_missing_99_remove_TRUE,4,2,22.4999999999991,22.0000000000002,22.5000000000009
target-means,mean_missing_99_remove_TRUE,5,2,22.0000000000002,22.0000000000002,22.4999999999991
target-means,mean_missing_99_remove_TRUE,6,2,22.5000000000009,22.0000000000002,22.5000000000009
target-means,mean_matrix_weighted_20,1,32,1.53124999999998,1.56249999999991,1.53124999999998
target-means,mean_matrix_weighted_20,2,32,1.56250000000002,1.53124999999998,1.5312500000001
target-means,mean_matrix_weighted_20,3,32,1.6250000000001,1.53124999999998,1.56250000000002
target-means,mean_matrix_weighted_20,4,32,1.56250000000002,1.53124999999998,1.53124999999998
target-means,mean_matrix_weighted_20,5,32,1.56249999999991,1.59374999999995,1.56250000000002
target-means,mean_matrix_weighted_20,6,32,1.56249999999991,1.56249999999991,1.53124999999998
target-means,mean_by10_weighted_20,1,128,0.257812499999982,0.257812499999982,0.25781250000001
target-means,mean_by10_weighted_20,2,128,0.25781250000001,0.25,0.265625000000019
target-means,mean_by10_weighted_20,3,128,0.25781250000001,0.265625000000019,0.25781250000001
target-means,mean_by10_weighted_20,4,128,0.265624999999992,0.281249999999983,0.257812499999982
target-means,mean_by10_weighted_20,5,128,0.265624999999992,0.257812499999982,0.273437500000001
target-means,mean_by10_weighted_20,6,128,0.25781250000001,0.25781250000001,0.25781250000001
target-means,mean_unweighted_1000_100k,1,64,0.734375000000009,0.734374999999954,0.71874999999999
target-means,mean_unweighted_1000_100k,2,64,0.734375000000009,0.734374999999954,0.734375000000009
target-means,mean_unweighted_1000_100k,3,64,0.734375000000009,0.734374999999954,0.718750000000046
target-means,mean_unweighted_1000_100k,4,64,0.749999999999973,0.734374999999954,0.734375000000009
target-means,mean_unweighted_1000_100k,5,64,0.765625000000048,0.734375000000009,0.765624999999992
target-means,mean_unweighted_1000_100k,6,64,0.734374999999954,0.734375000000009,0.703124999999971
repeat-means1,mean_weighted_20,1,32,1.59375,1.59375,1.59375
repeat-means1,mean_weighted_20,2,32,1.59375,1.59375,1.5625
repeat-means1,mean_weighted_20,3,32,1.59375,1.5625,1.59375
repeat-means1,mean_weighted_20,4,32,1.625,1.56249999999999,1.5625
repeat-means1,mean_weighted_20,5,32,1.59375,1.59375,1.59375
repeat-means1,mean_weighted_20,6,32,1.56249999999999,1.59375,1.5625
repeat-means1,mean_missing_20_remove_FALSE,1,16,3.5,3.68750000000001,3.62499999999999
repeat-means1,mean_missing_20_remove_FALSE,2,16,3.37499999999999,3.5625,3.5
repeat-means1,mean_missing_20_remove_FALSE,3,16,3.43750000000001,3.43750000000001,3.5
repeat-means1,mean_missing_20_remove_FALSE,4,16,3.3125,3.31250000000002,3.5
repeat-means1,mean_missing_20_remove_FALSE,5,16,3.62499999999999,3.3125,3.5
repeat-means1,mean_missing_20_remove_FALSE,6,16,3.37499999999999,3.37500000000002,3.5625
repeat-means1,mean_missing_20_remove_TRUE,1,8,5.12499999999999,5.12500000000005,4.87500000000002
repeat-means1,mean_missing_20_remove_TRUE,2,8,5.12499999999999,5.37499999999996,5
repeat-means1,mean_missing_20_remove_TRUE,3,8,5,5,5
repeat-means1,mean_missing_20_remove_TRUE,4,8,5,5,5.12499999999994
repeat-means1,mean_missing_20_remove_TRUE,5,8,5.12500000000005,5,5.12500000000005
repeat-means1,mean_missing_20_remove_TRUE,6,8,5,5,5.12499999999994
repeat-means1,mean_missing_99_remove_FALSE,1,2,24.9999999999999,25.5000000000001,26.5
repeat-means1,mean_missing_99_remove_FALSE,2,2,25.5000000000001,27.0000000000001,26.5
repeat-means1,mean_missing_99_remove_FALSE,3,2,26.5,25.5000000000001,26.0000000000002
repeat-means1,mean_missing_99_remove_FALSE,4,2,25.9999999999998,26.5,30.5
repeat-means1,mean_missing_99_remove_FALSE,5,2,25.5000000000001,27.4999999999999,27.0000000000001
repeat-means1,mean_missing_99_remove_FALSE,6,2,26.9999999999997,24.9999999999999,26.5
repeat-means1,mean_missing_99_remove_TRUE,1,2,22.5,22.5,21.9999999999998
repeat-means1,mean_missing_99_remove_TRUE,2,2,22.5000000000004,21.9999999999998,22.0000000000002
repeat-means1,mean_missing_99_remove_TRUE,3,2,22.5,22.9999999999997,22.5
repeat-means1,mean_missing_99_remove_TRUE,4,2,22.5,22.5,22.5
repeat-means1,mean_missing_99_remove_TRUE,5,2,22.5,21.9999999999998,23.0000000000001
repeat-means1,mean_missing_99_remove_TRUE,6,2,22.0000000000002,21.9999999999998,22.0000000000002
repeat-means2,mean_weighted_20,1,32,1.59375,1.59375,1.5625
repeat-means2,mean_weighted_20,2,32,1.59375,1.5625,1.5625
repeat-means2,mean_weighted_20,3,32,1.5625,1.59375,1.5625
repeat-means2,mean_weighted_20,4,32,1.5625,1.59375,1.625
repeat-means2,mean_weighted_20,5,32,1.56249999999999,1.62499999999999,1.59375
repeat-means2,mean_weighted_20,6,32,1.5625,1.5625,1.59375
repeat-means2,mean_missing_20_remove_FALSE,1,16,3.43749999999998,3.37499999999999,3.43750000000001
repeat-means2,mean_missing_20_remove_FALSE,2,16,3.5,3.3125,3.43750000000001
repeat-means2,mean_missing_20_remove_FALSE,3,16,3.37499999999999,3.37499999999999,3.43750000000001
repeat-means2,mean_missing_20_remove_FALSE,4,16,3.37499999999999,3.3125,3.43750000000001
repeat-means2,mean_missing_20_remove_FALSE,5,16,3.37499999999999,3.31250000000002,3.43750000000001
repeat-means2,mean_missing_20_remove_FALSE,6,16,3.37500000000002,3.3125,3.43749999999998
repeat-means2,mean_missing_20_remove_TRUE,1,8,5,5,5.12499999999999
repeat-means2,mean_missing_20_remove_TRUE,2,8,5,5.12499999999999,5
repeat-means2,mean_missing_20_remove_TRUE,3,8,5.12500000000005,5.12500000000005,5.12499999999999
repeat-means2,mean_missing_20_remove_TRUE,4,8,5.12500000000005,5.12500000000005,5.12500000000005
repeat-means2,mean_missing_20_remove_TRUE,5,8,5,5,5.12499999999994
repeat-means2,mean_missing_20_remove_TRUE,6,8,5,5,5.12500000000005
repeat-means2,mean_missing_99_remove_FALSE,1,2,27.5000000000003,32,30.9999999999997
repeat-means2,mean_missing_99_remove_FALSE,2,2,25.5000000000001,26.5,28.5000000000002
repeat-means2,mean_missing_99_remove_FALSE,3,2,26.0000000000002,25.9999999999998,26.5
repeat-means2,mean_missing_99_remove_FALSE,4,2,25.9999999999998,24.9999999999999,26.5
repeat-means2,mean_missing_99_remove_FALSE,5,2,27.0000000000001,25.9999999999998,26.5
repeat-means2,mean_missing_99_remove_FALSE,6,2,26.5,25.9999999999998,26.5
repeat-means2,mean_missing_99_remove_TRUE,1,2,22.5,22.5,22.5
repeat-means2,mean_missing_99_remove_TRUE,2,2,22.5,22.5,22.5
repeat-means2,mean_missing_99_remove_TRUE,3,2,23.0000000000001,22.9999999999997,22.5000000000004
repeat-means2,mean_missing_99_remove_TRUE,4,2,23.0000000000001,22.9999999999997,22.5
repeat-means2,mean_missing_99_remove_TRUE,5,2,22.9999999999997,22.5,23.0000000000001
repeat-means2,mean_missing_99_remove_TRUE,6,2,22.5,22.5,22.9999999999997
means-openmp2,mean_weighted_5,1,64,0.499999999999999,0.500000000000002,0.515624999999999
means-openmp2,mean_weighted_5,2,64,0.5,0.5,0.484375000000002
means-openmp2,mean_weighted_5,3,64,0.484375000000002,0.484374999999999,0.484374999999999
means-openmp2,mean_weighted_5,4,64,0.703125000000002,0.499999999999997,0.5
means-openmp2,mean_weighted_5,5,64,0.484374999999999,0.484374999999999,0.484374999999999
means-openmp2,mean_weighted_5,6,64,0.484374999999999,0.484375000000002,0.484374999999999
means-openmp2,mean_weighted_20,1,64,0.843749999999997,0.828124999999999,0.843750000000004
means-openmp2,mean_weighted_20,2,64,0.843749999999997,0.828124999999999,0.828125000000006
means-openmp2,mean_weighted_20,3,64,0.828124999999999,0.843749999999997,0.828124999999999
means-openmp2,mean_weighted_20,4,64,0.843749999999997,0.843750000000004,0.859374999999996
means-openmp2,mean_weighted_20,5,64,0.843749999999997,0.843749999999997,0.859375000000002
means-openmp2,mean_weighted_20,6,64,1,0.843749999999997,0.843749999999997
means-openmp2,mean_weighted_99,1,16,3.25,3.3125,3.25
means-openmp2,mean_weighted_99,2,16,3.18749999999998,3.25,3.3125
means-openmp2,mean_weighted_99,3,16,3.37500000000002,3.24999999999998,3.18750000000004
means-openmp2,mean_weighted_99,4,16,3.24999999999998,3.43749999999998,3.3125
means-openmp2,mean_weighted_99,5,16,3.25000000000003,3.24999999999998,3.24999999999998
means-openmp2,mean_weighted_99,6,16,3.25000000000003,3.24999999999998,3.25000000000003
means-openmp2,mean_missing_20_remove_FALSE,1,32,2.18750000000001,1.78125000000001,1.81250000000002
means-openmp2,mean_missing_20_remove_FALSE,2,32,1.78124999999998,1.81249999999999,1.81249999999999
means-openmp2,mean_missing_20_remove_FALSE,3,32,1.84375,1.81249999999999,1.81249999999999
means-openmp2,mean_missing_20_remove_FALSE,4,32,1.78125000000001,1.78124999999998,1.84375
means-openmp2,mean_missing_20_remove_FALSE,5,32,1.81249999999999,1.78125000000001,1.84375
means-openmp2,mean_missing_20_remove_FALSE,6,32,1.81249999999999,1.78125000000001,1.81249999999999
means-openmp2,mean_missing_20_remove_TRUE,1,16,2.68749999999995,2.68749999999995,2.62499999999999
means-openmp2,mean_missing_20_remove_TRUE,2,16,2.62500000000004,2.62500000000004,2.62500000000004
means-openmp2,mean_missing_20_remove_TRUE,3,16,2.62499999999999,2.68750000000001,2.68749999999995
means-openmp2,mean_missing_20_remove_TRUE,4,16,2.68750000000001,2.62499999999999,2.68750000000001
means-openmp2,mean_missing_20_remove_TRUE,5,16,2.62499999999999,2.68750000000001,2.68749999999995
means-openmp2,mean_missing_20_remove_TRUE,6,16,2.68750000000001,2.68750000000001,2.68750000000001
means-openmp2,mean_missing_99_remove_FALSE,1,4,14.7500000000003,13.7499999999999,13.9999999999998
means-openmp2,mean_missing_99_remove_FALSE,2,4,13.5000000000001,13.7499999999999,13.5000000000001
means-openmp2,mean_missing_99_remove_FALSE,3,4,14.5,14.7500000000003,13.5000000000001
means-openmp2,mean_missing_99_remove_FALSE,4,4,13.7499999999999,14.2499999999997,17.7499999999999
means-openmp2,mean_missing_99_remove_FALSE,5,4,15.4999999999998,15.0000000000001,16.9999999999999
means-openmp2,mean_missing_99_remove_FALSE,6,4,15.0000000000001,14.2500000000001,15.5000000000003
means-openmp2,mean_missing_99_remove_TRUE,1,4,11.7500000000001,11.7500000000001,12.2499999999999
means-openmp2,mean_missing_99_remove_TRUE,2,4,12,12.5000000000002,12
means-openmp2,mean_missing_99_remove_TRUE,3,4,11.7500000000001,12,11.7500000000001
means-openmp2,mean_missing_99_remove_TRUE,4,4,11.7500000000001,12,12
means-openmp2,mean_missing_99_remove_TRUE,5,4,11.7500000000001,11.7500000000001,11.7500000000001
means-openmp2,mean_missing_99_remove_TRUE,6,4,11.7499999999997,11.7499999999997,11.7499999999997
means-openmp14,mean_weighted_5,1,256,0.27734375,0.2421875,0.2265625
means-openmp14,mean_weighted_5,2,256,0.2265625,0.23828125,0.29296875
means-openmp14,mean_weighted_5,3,256,0.222656250000001,0.23046875,0.22265625
means-openmp14,mean_weighted_5,4,256,0.2265625,0.22265625,0.265625
means-openmp14,mean_weighted_5,5,256,0.242187500000001,0.2265625,0.226562499999999
means-openmp14,mean_weighted_5,6,256,0.226562500000001,0.23828125,0.22265625
means-openmp14,mean_weighted_20,1,128,0.304687500000001,0.3125,0.3125
means-openmp14,mean_weighted_20,2,128,0.3125,0.304687499999998,0.304687500000001
means-openmp14,mean_weighted_20,3,128,0.296874999999999,0.296874999999999,0.304687500000001
means-openmp14,mean_weighted_20,4,128,0.390625000000002,0.304687499999998,0.296875000000002
means-openmp14,mean_weighted_20,5,128,0.320312500000003,0.304687499999998,0.296875000000002
means-openmp14,mean_weighted_20,6,128,0.3125,0.296874999999999,0.335937499999998
means-openmp14,mean_weighted_99,1,64,0.843749999999997,0.859375000000009,0.906249999999997
means-openmp14,mean_weighted_99,2,64,0.875000000000001,0.875000000000001,0.874999999999987
means-openmp14,mean_weighted_99,3,64,0.859374999999996,0.843750000000004,1.046875
means-openmp14,mean_weighted_99,4,64,0.906249999999997,0.906249999999997,0.906249999999997
means-openmp14,mean_weighted_99,5,64,0.921875000000003,0.875000000000001,0.890624999999992
means-openmp14,mean_weighted_99,6,64,0.875000000000001,0.875000000000001,0.921874999999989
means-openmp14,mean_missing_20_remove_FALSE,1,64,0.515624999999992,0.515625000000006,0.531249999999997
means-openmp14,mean_missing_20_remove_FALSE,2,64,0.546875000000002,0.531249999999997,0.531249999999997
means-openmp14,mean_missing_20_remove_FALSE,3,64,0.531249999999997,0.531249999999997,0.515625000000006
means-openmp14,mean_missing_20_remove_FALSE,4,64,0.546875000000002,0.546875000000002,0.562499999999994
means-openmp14,mean_missing_20_remove_FALSE,5,64,0.531250000000011,0.718750000000004,0.531249999999997
means-openmp14,mean_missing_20_remove_FALSE,6,64,0.531249999999997,0.546875000000002,0.546874999999988
means-openmp14,mean_missing_20_remove_TRUE,1,64,0.734375000000009,0.750000000000001,0.734375000000009
means-openmp14,mean_missing_20_remove_TRUE,2,64,0.718750000000004,0.734375000000009,0.734374999999995
means-openmp14,mean_missing_20_remove_TRUE,3,64,0.718750000000004,0.734374999999995,0.765625000000006
means-openmp14,mean_missing_20_remove_TRUE,4,64,0.734375000000009,0.734374999999995,0.750000000000001
means-openmp14,mean_missing_20_remove_TRUE,5,64,0.734375000000009,0.734375000000009,0.734375000000009
means-openmp14,mean_missing_20_remove_TRUE,6,64,0.812499999999994,0.984374999999996,0.734374999999995
means-openmp14,mean_missing_99_remove_FALSE,1,16,3.68749999999995,3.62499999999999,5
means-openmp14,mean_missing_99_remove_FALSE,2,16,3.50000000000006,3.56250000000002,3.56250000000002
means-openmp14,mean_missing_99_remove_FALSE,3,16,3.56250000000002,3.56250000000002,3.62499999999999
means-openmp14,mean_missing_99_remove_FALSE,4,16,3.74999999999992,3.62499999999999,4.06250000000008
means-openmp14,mean_missing_99_remove_FALSE,5,16,3.74999999999992,3.8125,3.93749999999993
means-openmp14,mean_missing_99_remove_FALSE,6,16,3.68749999999995,3.56250000000002,4.56250000000002
means-openmp14,mean_missing_99_remove_TRUE,1,16,3.12500000000004,3.12500000000004,3.18750000000001
means-openmp14,mean_missing_99_remove_TRUE,2,16,2.93750000000004,2.93749999999993,3.12500000000004
means-openmp14,mean_missing_99_remove_TRUE,3,16,3,3,2.87499999999996
means-openmp14,mean_missing_99_remove_TRUE,4,16,2.93750000000004,3,3.06250000000008
means-openmp14,mean_missing_99_remove_TRUE,5,16,3,2.93749999999993,3.06249999999997
means-openmp14,mean_missing_99_remove_TRUE,6,16,3.37499999999991,3.43749999999998,2.93750000000004
fallbacks,mean_ordinary,1,1024,,0.1669921875,0.1708984375
fallbacks,mean_ordinary,2,1024,,0.171875,0.16796875
fallbacks,mean_ordinary,3,1024,,0.1796875,0.16796875
fallbacks,mean_ordinary,4,1024,,0.1708984375,0.16796875
fallbacks,mean_ordinary,5,1024,,0.1689453125,0.1689453125
fallbacks,mean_ordinary,6,1024,,0.16796875,0.1689453125
fallbacks,mean_ordinary,7,1024,,0.16796875,0.17578125
fallbacks,mean_ordinary,8,1024,,0.1689453125,0.16796875
fallbacks,mean_ordinary,9,1024,,0.169921875,0.1708984375
fallbacks,mean_all_missing,1,256,,0.5078125,0.429687500000001
fallbacks,mean_all_missing,2,256,,0.417968749999997,0.433593750000003
fallbacks,mean_all_missing,3,256,,0.40625,0.429687500000001
fallbacks,mean_all_missing,4,256,,0.40625,0.429687500000001
fallbacks,mean_all_missing,5,256,,0.402343749999999,0.433593749999999
fallbacks,mean_all_missing,6,256,,0.402343750000003,0.46875
fallbacks,mean_all_missing,7,256,,0.406249999999997,0.433593749999999
fallbacks,mean_all_missing,8,256,,0.410156250000002,0.433593749999999
fallbacks,mean_all_missing,9,256,,0.40625,0.46875
fallbacks,mean_overflow,1,32,,3.34374999999998,3.28125000000001
fallbacks,mean_overflow,2,32,,3.3125,3.3125
fallbacks,mean_overflow,3,32,,3.40625,3.37499999999996
fallbacks,mean_overflow,4,32,,3.40625,3.34374999999998
fallbacks,mean_overflow,5,32,,3.34374999999998,3.3125
fallbacks,mean_overflow,6,32,,3.46875000000002,3.37500000000002
fallbacks,mean_overflow,7,32,,3.40625,3.40625
fallbacks,mean_overflow,8,32,,3.43749999999998,3.28124999999996
fallbacks,mean_overflow,9,32,,3.43749999999998,3.37499999999996
fallbacks,mean_mixed_overflow,1,64,,1.84374999999998,1.796875
fallbacks,mean_mixed_overflow,2,64,,1.75,1.82812500000001
fallbacks,mean_mixed_overflow,3,64,,1.796875,1.78124999999998
fallbacks,mean_mixed_overflow,4,64,,1.81250000000002,1.78124999999998
fallbacks,mean_mixed_overflow,5,64,,1.82812499999999,1.68750000000001
fallbacks,mean_mixed_overflow,6,64,,1.76562500000002,1.71874999999999
fallbacks,mean_mixed_overflow,7,64,,1.75,1.73437500000001
fallbacks,mean_mixed_overflow,8,64,,1.71874999999999,1.75
fallbacks,mean_mixed_overflow,9,64,,1.75,1.76562500000002
fallbacks,mean_underflow,1,256,,0.582031249999997,0.6015625
fallbacks,mean_underflow,2,256,,0.574218750000001,0.6015625
fallbacks,mean_underflow,3,256,,0.578124999999999,0.609374999999995
fallbacks,mean_underflow,4,256,,0.574218750000001,0.621093749999996
fallbacks,mean_underflow,5,256,,0.570312500000003,0.609375000000002
fallbacks,mean_underflow,6,256,,0.578124999999999,0.621093749999996
fallbacks,mean_underflow,7,256,,0.574218750000001,0.597656250000002
fallbacks,mean_underflow,8,256,,0.582031249999997,0.605468750000004
fallbacks,mean_underflow,9,256,,0.574218750000001,0.6015625
fallbacks,normalization_ordinary,1,4096,,0.0407714843750004,0.0402832031249998
fallbacks,normalization_ordinary,2,4096,,0.0412597656250001,0.0405273437499992
fallbacks,normalization_ordinary,3,4096,,0.0402832031249998,0.0402832031249998
fallbacks,normalization_ordinary,4,4096,,0.0407714843750004,0.0405273437500001
fallbacks,normalization_ordinary,5,4096,,0.0407714843749995,0.0400390625000004
fallbacks,normalization_ordinary,6,4096,,0.0405273437499992,0.0400390624999995
fallbacks,normalization_ordinary,7,4096,,0.0402832031249998,0.0407714843750004
fallbacks,normalization_ordinary,8,4096,,0.0407714843750004,0.0410156249999998
fallbacks,normalization_ordinary,9,4096,,0.0405273437500001,0.0405273437499992
fallbacks,normalization_underflow,1,2048,,0.0654296875000002,0.0717773437499993
fallbacks,normalization_underflow,2,2048,,0.0708007812499998,0.0708007812499998
fallbacks,normalization_underflow,3,2048,,0.065917968749999,0.0712890625000004
fallbacks,normalization_underflow,4,2048,,0.0649414062499996,0.0703124999999992
fallbacks,normalization_underflow,5,2048,,0.0654296874999984,0.0712890624999987
fallbacks,normalization_underflow,6,2048,,0.0654296875000002,0.0708007812499998
fallbacks,normalization_underflow,7,2048,,0.065917968749999,0.0722656249999998
fallbacks,normalization_underflow,8,2048,,0.0654296875000002,0.0708007812499998
fallbacks,normalization_underflow,9,2048,,0.0649414062499996,0.0703125000000009
fallbacks-repeat,mean_ordinary,1,1024,,0.169921875,0.1689453125
fallbacks-repeat,mean_ordinary,2,1024,,0.177734375,0.1748046875
fallbacks-repeat,mean_ordinary,3,1024,,0.1796875,0.171875
fallbacks-repeat,mean_ordinary,4,1024,,0.171875,0.16796875
fallbacks-repeat,mean_ordinary,5,1024,,0.17578125,0.173828125
fallbacks-repeat,mean_ordinary,6,1024,,0.1728515625,0.171875
fallbacks-repeat,mean_ordinary,7,1024,,0.17578125,0.1796875
fallbacks-repeat,mean_ordinary,8,1024,,0.1708984375,0.1708984375
fallbacks-repeat,mean_ordinary,9,1024,,0.1708984375,0.169921875
fallbacks-repeat,mean_all_missing,1,256,,0.417968750000001,0.433593749999999
fallbacks-repeat,mean_all_missing,2,256,,0.4140625,0.441406250000002
fallbacks-repeat,mean_all_missing,3,256,,0.410156250000002,0.429687499999998
fallbacks-repeat,mean_all_missing,4,256,,0.410156250000002,0.4375
fallbacks-repeat,mean_all_missing,5,256,,0.4140625,0.42578125
fallbacks-repeat,mean_all_missing,6,256,,0.410156249999998,0.437499999999997
fallbacks-repeat,mean_all_missing,7,256,,0.410156250000002,0.4375
fallbacks-repeat,mean_all_missing,8,256,,0.4140625,0.4453125
fallbacks-repeat,mean_all_missing,9,256,,0.4140625,0.4765625
fallbacks-repeat,mean_overflow,1,32,,3.37499999999999,3.5
fallbacks-repeat,mean_overflow,2,32,,3.5,3.40625
fallbacks-repeat,mean_overflow,3,32,,3.56249999999997,3.43749999999998
fallbacks-repeat,mean_overflow,4,32,,3.37500000000002,3.37500000000002
fallbacks-repeat,mean_overflow,5,32,,3.37500000000002,3.37500000000002
fallbacks-repeat,mean_overflow,6,32,,3.43750000000004,3.43749999999998
fallbacks-repeat,mean_overflow,7,32,,3.34374999999998,3.37500000000002
fallbacks-repeat,mean_overflow,8,32,,3.34375000000003,3.46875000000002
fallbacks-repeat,mean_overflow,9,32,,3.37500000000002,3.43750000000004
fallbacks-repeat,mean_mixed_overflow,1,64,,1.71875000000002,1.859375
fallbacks-repeat,mean_mixed_overflow,2,64,,1.71875000000002,1.78124999999998
fallbacks-repeat,mean_mixed_overflow,3,64,,1.75,1.78125000000001
fallbacks-repeat,mean_mixed_overflow,4,64,,1.73437500000001,1.78125000000001
fallbacks-repeat,mean_mixed_overflow,5,64,,1.71874999999999,1.76562500000002
fallbacks-repeat,mean_mixed_overflow,6,64,,1.73437499999998,1.81249999999999
fallbacks-repeat,mean_mixed_overflow,7,64,,1.75,1.75
fallbacks-repeat,mean_mixed_overflow,8,64,,1.73437500000001,1.75
fallbacks-repeat,mean_mixed_overflow,9,64,,1.73437500000001,1.78125000000001
fallbacks-repeat,mean_underflow,1,256,,0.589843750000006,0.617187499999998
fallbacks-repeat,mean_underflow,2,256,,0.585937500000001,0.605468749999998
fallbacks-repeat,mean_underflow,3,256,,0.605468750000004,0.61328125
fallbacks-repeat,mean_underflow,4,256,,0.585937500000001,0.605468750000004
fallbacks-repeat,mean_underflow,5,256,,0.582031249999997,0.609374999999995
fallbacks-repeat,mean_underflow,6,256,,0.582031249999997,0.61328125
fallbacks-repeat,mean_underflow,7,256,,0.578124999999999,0.61328125
fallbacks-repeat,mean_underflow,8,256,,0.578124999999999,0.609375000000002
fallbacks-repeat,mean_underflow,9,256,,0.574218750000008,0.605468750000004
fallbacks-repeat,normalization_ordinary,1,4096,,0.0407714843749995,0.0407714843750004
fallbacks-repeat,normalization_ordinary,2,4096,,0.0402832031249998,0.0402832031249998
fallbacks-repeat,normalization_ordinary,3,4096,,0.0407714843749995,0.0407714843750004
fallbacks-repeat,normalization_ordinary,4,4096,,0.0407714843750004,0.0405273437500001
fallbacks-repeat,normalization_ordinary,5,4096,,0.0407714843750004,0.0427246093750002
fallbacks-repeat,normalization_ordinary,6,4096,,0.0412597656250001,0.0410156249999998
fallbacks-repeat,normalization_ordinary,7,4096,,0.0419921875000001,0.0410156249999998
fallbacks-repeat,normalization_ordinary,8,4096,,0.0419921875000001,0.0417480468749998
fallbacks-repeat,normalization_ordinary,9,4096,,0.0432128906249999,0.0407714843750004
fallbacks-repeat,normalization_underflow,1,2048,,0.0668945312500002,0.0727539062499987
fallbacks-repeat,normalization_underflow,2,2048,,0.0712890625000004,0.0722656249999998
fallbacks-repeat,normalization_underflow,3,2048,,0.0664062499999996,0.0732421874999993
fallbacks-repeat,normalization_underflow,4,2048,,0.0678710937499997,0.0722656249999998
fallbacks-repeat,normalization_underflow,5,2048,,0.0678710937499997,0.0722656249999998
fallbacks-repeat,normalization_underflow,6,2048,,0.0664062499999996,0.071777343750001
fallbacks-repeat,normalization_underflow,7,2048,,0.0668945312500002,0.071777343750001
fallbacks-repeat,normalization_underflow,8,2048,,0.0668945312500002,0.0712890625000004
fallbacks-repeat,normalization_underflow,9,2048,,0.0664062499999996,0.0722656249999998
